arbID,Zoning District
1, R5
2, R6
3, R4
4, R3-2
5, R4
6, R3-1
7, M1-1
8, R5
9, R4
10, R3-2
11, R3-2
12, R3X
13, M2-1
14, R3-2
15, R4
16, R4
17, C8-1
18, R2
19, R3-2
20, R3-1
21, C8-1
22, R3A
23, R3-1
24, R3-2
25, C4-1
26, R3-1
27, R3-1
28, R3A
29, R3A
30, C4-1
31, R3-2
32, R1-2
33, R3-1
34, C8-2
35, R3-2
36, C8-1
37, R3-1
38, R3A
39, R3-2
40, R3X
41, R3-1
42, M1-1
43, R3A
44, R3-2
45, R1-2
46, R6
47, M2-1
48, C4-2
49, R4
50, R3-1
51, C7
52, R6
53, C8-1
54, R3A
55, M1-1
56, R4A
57, R3-2
58, R3-2
59, R4
60, R4
61, R6
62, M1-1
63, R4-1
64, R6B
65, C8-1
66, C4-2
67, R4A
68, C4-3
69, R3A
70, R4-1
71, R4-1
72, R7-1
73, C8-3
74, M1-1
75, R7-2
76, M1-2
77, C8-3
78, R5A
79, R7-1
80, C4-2
81, C8-4
82, R3-1
83, M1-2
84, M1-4
85, R3-2
86, R8
87, R4-1
88, R6A
89, R5
90, R5
91, R5B
92, M1-1
93, R6
94, R6A
95, R5B
96, R5
97, R3-1
98, R5B
99, C3
100, M1-2
101, R3-2
102, R3X
103, R4-1
104, R5B
105, R3X
106, R5B
107, C8-2
108, R6
109, R4A
110, R4-1
111, R6A
112, R5B
113, R4-1
114, R3-1
115, R4A
116, R4A
117, R6B
118, C6-2
119, R7A
120, R6
121, R6
122, R6B
123, R6B
124, C8-2
125, C4-4A
126, C4-3
127, R7B
128, R4A
129, R6B
130, R5B
131, R6B
132, R6
133, R4-1
134, C6-1
135, C6-2
136, C8-1
137, C8-1
138, M1-2
139, M1-2
140, M1-2\/R6A
141, M1-2\/R6
142, M1-2\/R6A
143, R6B
144, R6A
145, M1-2\/R6B
146, M1-2\/R6A
147, R6
148, M1-2\/R6A
149, M1-5\/R9-1
150, C6-1
151, C6-1A
152, M1-2D
153, M1-1D
154, C8-4
155, R2
156, C8-1
157, C8-1
158, C8-1
159, M1-2
160, R5
161, R6A
162, R6B
163, M1-2
164, R6A
165, M1-2
166, C8-2
167, R4-1
168, R4A
169, R6A
170, R4-1
171, R4-1
172, R5B
173, R4-1
174, R5B
175, R4A
176, R4-1
177, R5B
178, C4-4A
179, R4
180, R7A
181, R3-1
182, M1-1
183, R7A
184, C4-3A
185, R7A
186, C7
187, R6
188, C8-2
189, C8-2
190, R6A
191, R7B
192, R4-1
193, M2-1
194, C4-2
195, C8-1
196, C8-1
197, R6B
198, R4
199, R4
200, R6B
201, R4-1
202, R4A
203, R5
204, R5
205, R5
206, R5
207, C4-3
208, R4A
209, R4-1
210, R4-1
211, R4A
212, R4A
213, R4-1
214, R5
215, M1-1
216, M1-1
217, M1-1
218, C8-1
219, C8-1
220, R7A
221, C8-1
222, C8-2
223, C4-2
224, R4-1
225, R2
226, R4-1
227, R4B
228, M1-2
229, M3-1
230, R8
231, M1-2
232, M1-2\/R6
233, R6A
234, M1-2\/R7A
235, M1-2\/R6A
236, M1-2\/R6B
237, R6A
238, R5B
239, R6
240, R4-1
241, M1-3
242, C8-1
243, M1-2
244, R6B
245, R5B
246, R4-1
247, R5B
248, R6B
249, R4-1
250, R5B
251, R4-1
252, R4B
253, R4A
254, R5B
255, R5B
256, R5B
257, C6-6.5
258, C1-9
259, R9
260, M1-5
261, M1-4
262, C6-2
263, C4-7
264, R3-2
265, R3-2
266, R3-2
267, R8B
268, R8B
269, R8
270, C1-9
271, R8A
272, C6-2
273, R8B
274, C8-4
275, C5-1
276, R9
277, R8B
278, C8-3
279, R7-2
280, R8
281, R8A
282, R8B
283, C6-3A
284, C4-5
285, C2-6
286, C2-6
287, R8
288, C8-4
289, C1-9
290, C1-6A
291, C8-4
292, R8
293, R8B
294, C1-9
295, R8B
296, C1-7
297, M1-4
298, M1-4
299, C8-4
300, M3-2
301, C4-7
302, M1-6
303, M1-6
304, M1-5
305, C6-2A
306, C6-3A
307, M1-5
308, C6-4
309, C6-4
310, C6-5.5
311, C2-8
312, R6A
313, M1-4
314, C4-4A
315, C1-6
316, C1-8X
317, R10
318, C5-2.5
319, C6-6
320, C6-4.5
321, C5-2.5
322, M1-6
323, C6-4M
324, C5-3
325, C6-4.5
326, C6-4
327, C5-2
328, C6-4
329, R8
330, R6
331, C2-8
332, R8B
333, C6-2
334, R8B
335, R6
336, R6
337, C5-2
338, R7-2
339, R7-2
340, C6-3
341, R8
342, C6-2A
343, R10
344, R8B
345, C1-9
346, R8B
347, C1-8
348, R8B
349, C5-2.5
350, C5-2.5
351, R8B
352, C1-8A
353, R8B
354, C1-9A
355, C6-6
356, R10
357, C6-4.5
358, R8B
359, C6-6
360, C6-3
361, C6-2
362, C2-8A
363, C6-1
364, R8A
365, R8A
366, C6-3A
367, C5-2.5
368, R8
369, R8A
370, R8B
371, C6-4
372, M1-5
373, C6-4A
374, R8B
375, C5-1
376, R8B
377, C5-2.5
378, C5-2.5
379, C6-3
380, C5-2
381, R8B
382, C1-9A
383, C6-2A
384, C5-2.5
385, C2-7
386, R8B
387, R8B
388, C5-2.5
389, R9X
390, C6-6.5
391, R8B
392, C2-8
393, C6-3
394, C6-4
395, M1-5
396, C1-9
397, C1-8X
398, R10
399, C5-1A
400, R8B
401, R8B
402, C4-7
403, C4-2F
404, R7B
405, C5-3
406, C6-4M
407, C6-7
408, C6-6
409, C6-3A
410, C6-2
411, R8
412, C5-2.5
413, R8B
414, R8
415, R8
416, R8
417, R7B
418, C2-6A
419, C5-3
420, M1-5
421, C1-9
422, R8
423, C6-2
424, C5-2
425, R7-2
426, R7B
427, C4-6
428, M3-1
429, R8B
430, R7B
431, C8-1
432, R5
433, R7A
434, R7X
435, R5B
436, R6
437, C8-1
438, R4
439, R4
440, R4A
441, R2A
442, R3A
443, M1-5\/R8A
444, M1-4\/R7A
445, M1-6\/R10
446, M1-6\/R10
447, R6B
448, R5
449, M1-5\/R7-3
450, R3-2
451, R7B
452, R5
453, R4
454, C4-3
455, R5
456, R5
457, M1-1
458, R6B
459, M1-1
460, C4-2
461, C4-2
462, R6B
463, R6B
464, R6B
465, R4
466, M2-1
467, M1-3
468, R6B
469, R6
470, R3-2
471, M1-2
472, R3A
473, R5
474, R4-1
475, R5
476, R3-1
477, C8-1
478, M1-5
479, C8-1
480, R4B
481, R4A
482, R4A
483, R4B
484, R2
485, R4
486, R4B
487, R4
488, R3A
489, R5
490, R6B
491, R3A
492, R5B
493, R2A
494, R3X
495, R7B
496, M1-1
497, C8-1
498, R6A
499, R6A
500, C4-3
501, C8-1
502, R6
503, R2A
504, R7X
505, M1-1
506, R4A
507, R2A
508, R6A
509, C8-1
510, M1-1
511, M1-2
512, M1-1
513, M1-2
514, M3-1
515, M1-2
516, C4-2F
517, R4B
518, R5
519, M1-1
520, R7A
521, C4-2
522, R4A
523, R4
524, R6B
525, R5
526, R5
527, C4-4
528, R5B
529, R2
530, R2
531, M1-1
532, R4
533, R7-1
534, R4
535, R5
536, R5
537, R4
538, R5
539, R7-1
540, R6
541, M1-2
542, M1-1
543, R4-1
544, C6-2
545, R6B
546, C4-3
547, R7-2
548, R6
549, M1-1
550, R3-1
551, C4-7
552, C6-2
553, R4-1
554, R4A
555, R4-1
556, R3A
557, C3
558, M2-1
559, R4A
560, C3
561, C3
562, R3-1
563, R6A
564, M3-1
565, M2-1
566, C8-1
567, C3
568, C3
569, R3-2
570, M3-1
571, M3-1
572, M1-2
573, M3-1
574, C3
575, R5
576, C8-1
577, R3-2
578, R7-1
579, R9
580, M3-1
581, R8
582, R8
583, M3-2
584, R8B
585, R6
586, M1-5\/R10
587, R8
588, R8B
589, M1-1
590, R6
591, C8-2
592, M1-1
593, R4
594, C3
595, M3-1
596, R10
597, M3-2
598, R9
599, R4
600, M1-1
601, R4A
602, M2-1
603, R4
604, R4
605, C3A
606, R4A
607, C3A
608, M2-1
609, M3-1
610, R3-2
611, R7-2
612, M3-1
613, M2-1
614, M1-1
615, M1-1
616, C5-P
617, C3
618, R3-1
619, R6
620, R5B
621, R7-2
622, R3-2
623, R2
624, C3
625, M1-1
626, R5B
627, R2A
628, R9
629, R8
630, R8B
631, C1-8X
632, R8B
633, C1-9
634, R2A
635, R2
636, M1-1
637, M2-1
638, M1-1
639, R4B
640, R4
641, R6
642, R5B
643, R6B
644, R6
645, R6A
646, R5B
647, R5B
648, R4-1
649, R4B
650, R4B
651, R4-1
652, R4-1
653, R6B
654, R4-1
655, R4B
656, R4B
657, R5B
658, R6B
659, R5B
660, R4-1
661, R5A
662, R4
663, R4A
664, R4
665, R4-1
666, M3-1
667, R4
668, R4
669, R4
670, R7B
671, R5B
672, R4-1
673, R3A
674, R7X
675, M1-1
676, R5
677, R4B
678, R4
679, R4A
680, R4A
681, R6A
682, R7-2
683, M1-2
684, C4-2A
685, C4-2
686, C8-1
687, R4-1
688, R3A
689, R4-1
690, R4A
691, R3A
692, R3-1
693, R5B
694, R3X
695, R4
696, R6B
697, R5B
698, R6A
699, R5
700, M1-1
701, R6B
702, R6B
703, C8-2
704, C6-2
705, C6-3
706, M1-2\/R6B
707, R6A
708, R6B
709, M1-2\/R6B
710, R6A
711, M3-1
712, M1-5
713, C4-2A
714, R6B
715, R6A
716, C4-6
717, R7A
718, R6B
719, R2
720, R5
721, R4B
722, R3-2
723, R4B
724, R2A
725, R3X
726, R4
727, R3-1
728, M1-5\/R7X
729, R5
730, R5A
731, C8-1
732, R6
733, C8-1
734, C3
735, R4A
736, R6A
737, R4A
738, R6A
739, R4
740, R3-2
741, R4-1
742, R7B
743, M1-2\/R6A
744, M1-2\/R5B
745, M1-2\/R5B
746, M1-2\/R5B
747, M1-2
748, M1-2\/R5D
749, M1-2\/R5B
750, M1-2\/R5B
751, M1-3\/R7X
752, M1-1
753, M1-2\/R6A
754, M1-2\/R5B
755, M1-2\/R5B
756, R7-2
757, R3-2
758, C4-3
759, M2-1
760, M2-1
761, C4-4
762, M1-4\/R8A
763, M1-4\/R6A
764, C4-4
765, R5B
766, R5
767, R4-1
768, R5B
769, R5B
770, R4-1
771, R3-1
772, R5
773, R5D
774, R5D
775, R5B
776, M1-1
777, M1-1
778, M1-1
779, R6B
780, R7A
781, R6B
782, M1-1
783, R6A
784, R6B
785, R6
786, R5B
787, R4-1
788, R4B
789, R4-1
790, R4-1
791, R4
792, R6B
793, R5A
794, R5
795, R5A
796, R5
797, R5
798, R6B
799, R5A
800, R5
801, R5A
802, R5
803, R5B
804, R3X
805, R7A
806, R4-1
807, R4A
808, R2
809, R3-2
810, C6-3X
811, R7-2
812, R3A
813, R3-1
814, R3X
815, R3A
816, R3X
817, M3-1
818, C8-1
819, C8-1
820, R7A
821, R6B
822, R7A
823, R6A
824, R6B
825, C4-3A
826, M3-1
827, R3X
828, R1-2
829, R5
830, R3X
831, C8-1
832, R3-1
833, R3-1
834, C4-1
835, R3-2
836, R3-1
837, R3-2
838, R3-1
839, R3-2
840, R3X
841, R3-2
842, C8-1
843, R3-1
844, R4
845, R3-2
846, R3-2
847, R3-2
848, R3-2
849, R3A
850, C8-1
851, R3X
852, C8-1
853, R3-2
854, R8
855, R8B
856, C6-7
857, C6-5
858, C6-5
859, C6-2
860, M1-5
861, M1-5
862, C2-8
863, M1-5
864, R6
865, R8A
866, R8B
867, C6-2A
868, R8B
869, C6-2A
870, R6
871, C6-2A
872, C6-3A
873, C6-2A
874, C6-3X
875, C6-2
876, C6-2A
877, C4-5A
878, C6-4A
879, R9A
880, R7B
881, R8B
882, M1-5M
883, C6-4
884, C6-4M
885, C6-2M
886, R10
887, R6
888, C6-4
889, C6-4A
890, C6-4
891, C5-4
892, R6B
893, R7A
894, R7B
895, R6A
896, R5B
897, R4-1
898, R4-1
899, M1-1
900, C8-1
901, M1-4\/R7A
902, M1-4\/R6B
903, M1-4\/R6A
904, M1-4\/R6B
905, M1-4\/R6A
906, R5B
907, R7-1
908, R8
909, R6
910, C8-1
911, R7A
912, R5
913, M1-2\/R6A
914, R5
915, M1-1
916, R5
917, C3
918, R1-2
919, R4-1
920, R3A
921, R4B
922, R3X
923, R4B
924, R3A
925, R2
926, M1-1
927, R4-1
928, R4A
929, M1-1
930, R5
931, R4A
932, R6A
933, R5A
934, R5
935, R2
936, M1-1
937, R4-1
938, R4A
939, R4
940, R3A
941, R2A
942, R4-1
943, R1-2
944, R4
945, R3A
946, R5
947, R5
948, R5
949, R8
950, R4B
951, R4-1
952, R4B
953, R5D
954, R3-2
955, R3-1
956, R3-2
957, R3-2
958, R4A
959, R2
960, R3X
961, R5B
962, R3-2
963, R4A
964, R3-2
965, R4
966, R3A
967, R5B
968, R5D
969, R6A
970, R4-1
971, R5
972, R6B
973, M1-2
974, M1-4\/R7A
975, C6-2A
976, R7A
977, R7X
978, R3-2
979, R2
980, R4A
981, C4-2
982, R8B
983, R8B
984, R9A
985, M1-2
986, R8
987, C1-7A
988, R8A
989, C6-3
990, R6A
991, R6B
992, M1-3
993, C2-8
994, C1-9
995, C2-8
996, R8B
997, C1-9
998, C1-9
999, R8B
1000, R8B
1001, C2-8A
1002, C1-9
1003, R8B
1004, R4-1
1005, C4-1
1006, R5
1007, R4A
1008, C4-3A
1009, C8-1
1010, R4-1
1011, C6-2
1012, R5B
1013, R8
1014, C6-3A
1015, R5
1016, R4-1
1017, R4
1018, R4
1019, R4-1
1020, R6B
1021, R6B
1022, R6
1023, R5D
1024, R6B
1025, R6B
1026, R6
1027, C4-4A
1028, R5B
1029, R5B
1030, R6B
1031, R4B
1032, R5B
1033, R6B
1034, R6A
1035, R6B
1036, C4-3
1037, M1-1
1038, R6B
1039, R7B
1040, R6B
1041, R4
1042, R5
1043, C8-2
1044, R5D
1045, R6A
1046, R6B
1047, R6B
1048, R7-1
1049, M1-2\/R6B
1050, R6B
1051, M1-2\/R6A
1052, R2
1053, R4-1
1054, C4-1
1055, R2
1056, R3-2
1057, R5D
1058, R4-1
1059, R5
1060, R8X
1061, R3X
1062, R4
1063, C3
1064, R4-1
1065, R2A
1066, R4-1
1067, R2A
1068, M1-1
1069, R1-2
1070, C8-1
1071, R4-1
1072, R4
1073, R5A
1074, R5A
1075, R4A
1076, M3-1
1077, R4
1078, M2-1
1079, R7B
1080, R4-1
1081, R6B
1082, R4A
1083, R4-1
1084, R2
1085, M1-2
1086, R7-2
1087, M3-1
1088, R5
1089, R7B
1090, R4-1
1091, R4B
1092, R4-1
1093, R3A
1094, R7-1
1095, R6
1096, R5B
1097, R5D
1098, R4-1
1099, R5B
1100, R4
1101, R4B
1102, R6A
1103, R5B
1104, R3-1
1105, R3-2
1106, R3-2
1107, R3-1
1108, R4-1
1109, R6A
1110, R7B
1111, R2
1112, R3X
1113, R3-1
1114, R10
1115, R9
1116, M1-1
1117, M1-4\/R6A
1118, M1-2
1119, R3-1
1120, R3X
1121, R5B
1122, R7A
1123, R5D
1124, R5D
1125, R4-1
1126, R7A
1127, R3-2
1128, R3-2
1129, R2
1130, R2
1131, R3-2
1132, M3-1
1133, R3X
1134, R6
1135, R6
1136, R8B
1137, R6A
1138, R6B
1139, R6A
1140, M1-2\/R6A
1141, C1-8A
1142, C1-6A
1143, R7B
1144, R8B
1145, M1-4\/R6A
1146, R6A
1147, R5B
1148, R7X
1149, R5B
1150, R4A
1151, M3-1
1152, R6
1153, M3-1
1154, M3-1
1155, M3-1
1156, R2
1157, R4
1158, R6
1159, R7-1
1160, M3-1
1161, C8-2
1162, C3
1163, R3-1
1164, C3
1165, M1-1
1166, C3A
1167, R4
1168, R3-2
1169, C4-1
1170, M3-1
1171, C4-4
1172, R6
1173, R6
1174, R3-2
1175, R4-1
1176, R6A
1177, R6A
1178, R6A
1179, R6B
1180, R5
1181, R6B
1182, R1-2
1183, R5
1184, M3-1
1185, R5B
1186, R6B
1187, R6B
1188, PARK
1189, PARK
1190, PARK
1191, PARK
1192, PARK
1193, PARK
1194, PARK
1195, PARK
1196, PARK
1197, PARK
1198, PARK
1199, PARK
1200, PARK
1201, PARK
1202, PARK
1203, PARK
1204, PARK
1205, PARK
1206, PARK
1207, PARK
1208, PARK
1209, PARK
1210, PARK
1211, PARK
1212, PARK
1213, PARK
1214, PARK
1215, PARK
1216, PARK
1217, PARK
1218, PARK
1219, PARK
1220, PARK
1221, PARK
1222, PARK
1223, PARK
1224, PARK
1225, PARK
1226, PARK
1227, PARK
1228, PARK
1229, PARK
1230, PARK
1231, PARK
1232, PARK
1233, PARK
1234, PARK
1235, PARK
1236, PARK
1237, PARK
1238, PARK
1239, PARK
1240, PARK
1241, PARK
1242, PARK
1243, PARK
1244, PARK
1245, PARK
1246, PARK
1247, PARK
1248, PARK
1249, PARK
1250, PARK
1251, PARK
1252, PARK
1253, PARK
1254, PARK
1255, PARK
1256, PARK
1257, PARK
1258, PARK
1259, PARK
1260, PARK
1261, PARK
1262, PARK
1263, PARK
1264, PARK
1265, PARK
1266, PARK
1267, PARK
1268, PARK
1269, PARK
1270, PARK
1271, PARK
1272, PARK
1273, PARK
1274, PARK
1275, PARK
1276, PARK
1277, PARK
1278, PARK
1279, PARK
1280, PARK
1281, PARK
1282, PARK
1283, PARK
1284, PARK
1285, PARK
1286, PARK
1287, PARK
1288, PARK
1289, PARK
1290, PARK
1291, PARK
1292, PARK
1293, PARK
1294, PARK
1295, PARK
1296, PARK
1297, PARK
1298, PARK
1299, PARK
1300, PARK
1301, PARK
1302, PARK
1303, PARK
1304, PARK
1305, PARK
1306, PARK
1307, PARK
1308, PARK
1309, PARK
1310, PARK
1311, PARK
1312, PARK
1313, PARK
1314, PARK
1315, PARK
1316, PARK
1317, PARK
1318, PARK
1319, PARK
1320, PARK
1321, PARK
1322, PARK
1323, PARK
1324, PARK
1325, PARK
1326, PARK
1327, PARK
1328, PARK
1329, PARK
1330, PARK
1331, PARK
1332, PARK
1333, PARK
1334, PARK
1335, PARK
1336, PARK
1337, PARK
1338, PARK
1339, PARK
1340, PARK
1341, PARK
1342, PARK
1343, PARK
1344, PARK
1345, PARK
1346, PARK
1347, PARK
1348, PARK
1349, PARK
1350, PARK
1351, PARK
1352, PARK
1353, PARK
1354, PARK
1355, PARK
1356, PARK
1357, PARK
1358, PARK
1359, PARK
1360, PARK
1361, PARK
1362, PARK
1363, PARK
1364, PARK
1365, PARK
1366, PARK
1367, PARK
1368, PARK
1369, PARK
1370, PARK
1371, PARK
1372, PARK
1373, PARK
1374, PARK
1375, PARK
1376, PARK
1377, PARK
1378, PARK
1379, PARK
1380, PARK
1381, PARK
1382, PARK
1383, PARK
1384, PARK
1385, PARK
1386, PARK
1387, PARK
1388, PARK
1389, PARK
1390, PARK
1391, PARK
1392, PARK
1393, PARK
1394, PARK
1395, PARK
1396, PARK
1397, PARK
1398, PARK
1399, PARK
1400, PARK
1401, PARK
1402, PARK
1403, PARK
1404, PARK
1405, PARK
1406, PARK
1407, PARK
1408, PARK
1409, PARK
1410, PARK
1411, PARK
1412, PARK
1413, PARK
1414, PARK
1415, PARK
1416, PARK
1417, PARK
1418, PARK
1419, PARK
1420, PARK
1421, PARK
1422, PARK
1423, PARK
1424, PARK
1425, PARK
1426, PARK
1427, PARK
1428, PARK
1429, PARK
1430, PARK
1431, PARK
1432, PARK
1433, PARK
1434, PARK
1435, PARK
1436, PARK
1437, PARK
1438, PARK
1439, PARK
1440, PARK
1441, PARK
1442, PARK
1443, PARK
1444, PARK
1445, PARK
1446, PARK
1447, PARK
1448, PARK
1449, PARK
1450, PARK
1451, PARK
1452, PARK
1453, PARK
1454, PARK
1455, PARK
1456, PARK
1457, PARK
1458, PARK
1459, PARK
1460, PARK
1461, PARK
1462, PARK
1463, PARK
1464, PARK
1465, PARK
1466, PARK
1467, PARK
1468, PARK
1469, PARK
1470, PARK
1471, PARK
1472, PARK
1473, PARK
1474, PARK
1475, PARK
1476, PARK
1477, PARK
1478, PARK
1479, PARK
1480, PARK
1481, PARK
1482, PARK
1483, PARK
1484, PARK
1485, PARK
1486, PARK
1487, PARK
1488, PARK
1489, PARK
1490, PARK
1491, PARK
1492, PARK
1493, PARK
1494, PARK
1495, PARK
1496, PARK
1497, PARK
1498, PARK
1499, PARK
1500, PARK
1501, PARK
1502, PARK
1503, PARK
1504, PARK
1505, PARK
1506, PARK
1507, PARK
1508, PARK
1509, PARK
1510, PARK
1511, PARK
1512, PARK
1513, PARK
1514, PARK
1515, PARK
1516, PARK
1517, PARK
1518, PARK
1519, PARK
1520, PARK
1521, PARK
1522, PARK
1523, PARK
1524, PARK
1525, PARK
1526, PARK
1527, PARK
1528, PARK
1529, PARK
1530, PARK
1531, PARK
1532, PARK
1533, PARK
1534, PARK
1535, PARK
1536, PARK
1537, PARK
1538, PARK
1539, PARK
1540, PARK
1541, PARK
1542, PARK
1543, PARK
1544, PARK
1545, PARK
1546, PARK
1547, PARK
1548, PARK
1549, PARK
1550, PARK
1551, PARK
1552, PARK
1553, PARK
1554, PARK
1555, PARK
1556, PARK
1557, PARK
1558, PARK
1559, PARK
1560, PARK
1561, PARK
1562, PARK
1563, PARK
1564, PARK
1565, PARK
1566, PARK
1567, PARK
1568, PARK
1569, PARK
1570, PARK
1571, PARK
1572, PARK
1573, PARK
1574, PARK
1575, PARK
1576, PARK
1577, PARK
1578, PARK
1579, PARK
1580, PARK
1581, PARK
1582, PARK
1583, PARK
1584, PARK
1585, PARK
1586, PARK
1587, PARK
1588, PARK
1589, PARK
1590, PARK
1591, PARK
1592, PARK
1593, PARK
1594, PARK
1595, PARK
1596, PARK
1597, PARK
1598, PARK
1599, PARK
1600, PARK
1601, PARK
1602, PARK
1603, PARK
1604, PARK
1605, PARK
1606, PARK
1607, PARK
1608, PARK
1609, PARK
1610, PARK
1611, PARK
1612, PARK
1613, PARK
1614, PARK
1615, PARK
1616, PARK
1617, PARK
1618, PARK
1619, PARK
1620, PARK
1621, PARK
1622, PARK
1623, PARK
1624, PARK
1625, PARK
1626, PARK
1627, PARK
1628, PARK
1629, PARK
1630, PARK
1631, PARK
1632, PARK
1633, PARK
1634, PARK
1635, PARK
1636, PARK
1637, PARK
1638, PARK
1639, PARK
1640, PARK
1641, PARK
1642, PARK
1643, PARK
1644, PARK
1645, PARK
1646, PARK
1647, PARK
1648, PARK
1649, PARK
1650, PARK
1651, PARK
1652, PARK
1653, PARK
1654, PARK
1655, PARK
1656, PARK
1657, PARK
1658, PARK
1659, PARK
1660, PARK
1661, PARK
1662, PARK
1663, PARK
1664, PARK
1665, PARK
1666, PARK
1667, PARK
1668, PARK
1669, PARK
1670, PARK
1671, PARK
1672, PARK
1673, PARK
1674, PARK
1675, PARK
1676, PARK
1677, PARK
1678, PARK
1679, PARK
1680, PARK
1681, PARK
1682, PARK
1683, PARK
1684, PARK
1685, PARK
1686, PARK
1687, PARK
1688, PARK
1689, PARK
1690, PARK
1691, PARK
1692, PARK
1693, PARK
1694, PARK
1695, PARK
1696, PARK
1697, PARK
1698, PARK
1699, PARK
1700, PARK
1701, PARK
1702, PARK
1703, PARK
1704, PARK
1705, PARK
1706, PARK
1707, PARK
1708, PARK
1709, PARK
1710, PARK
1711, PARK
1712, PARK
1713, PARK
1714, PARK
1715, PARK
1716, PARK
1717, PARK
1718, PARK
1719, PARK
1720, PARK
1721, PARK
1722, PARK
1723, PARK
1724, PARK
1725, PARK
1726, PARK
1727, PARK
1728, PARK
1729, PARK
1730, PARK
1731, PARK
1732, PARK
1733, PARK
1734, PARK
1735, PARK
1736, PARK
1737, PARK
1738, PARK
1739, PARK
1740, PARK
1741, PARK
1742, PARK
1743, PARK
1744, PARK
1745, PARK
1746, PARK
1747, PARK
1748, PARK
1749, PARK
1750, PARK
1751, PARK
1752, PARK
1753, PARK
1754, PARK
1755, PARK
1756, PARK
1757, PARK
1758, PARK
1759, PARK
1760, PARK
1761, PARK
1762, PARK
1763, PARK
1764, PARK
1765, PARK
1766, PARK
1767, PARK
1768, PARK
1769, PARK
1770, PARK
1771, PARK
1772, PARK
1773, PARK
1774, PARK
1775, PARK
1776, PARK
1777, PARK
1778, PARK
1779, PARK
1780, PARK
1781, PARK
1782, PARK
1783, PARK
1784, PARK
1785, PARK
1786, PARK
1787, PARK
1788, PARK
1789, PARK
1790, PARK
1791, PARK
1792, PARK
1793, PARK
1794, PARK
1795, PARK
1796, PARK
1797, PARK
1798, PARK
1799, PARK
1800, PARK
1801, PARK
1802, PARK
1803, PARK
1804, PARK
1805, PARK
1806, PARK
1807, PARK
1808, PARK
1809, PARK
1810, PARK
1811, PARK
1812, PARK
1813, PARK
1814, PARK
1815, PARK
1816, PARK
1817, PARK
1818, PARK
1819, PARK
1820, PARK
1821, PARK
1822, PARK
1823, PARK
1824, PARK
1825, PARK
1826, PARK
1827, PARK
1828, PARK
1829, PARK
1830, PARK
1831, PARK
1832, PARK
1833, PARK
1834, PARK
1835, PARK
1836, PARK
1837, PARK
1838, PARK
1839, PARK
1840, PARK
1841, PARK
1842, PARK
1843, PARK
1844, PARK
1845, PARK
1846, PARK
1847, PARK
1848, PARK
1849, PARK
1850, PARK
1851, PARK
1852, PARK
1853, PARK
1854, PARK
1855, PARK
1856, PARK
1857, PARK
1858, PARK
1859, PARK
1860, PARK
1861, PARK
1862, PARK
1863, PARK
1864, PARK
1865, PARK
1866, PARK
1867, PARK
1868, PARK
1869, PARK
1870, PARK
1871, PARK
1872, PARK
1873, PARK
1874, PARK
1875, PARK
1876, PARK
1877, PARK
1878, PARK
1879, PARK
1880, PARK
1881, PARK
1882, PARK
1883, PARK
1884, PARK
1885, PARK
1886, PARK
1887, PARK
1888, PARK
1889, PARK
1890, PARK
1891, PARK
1892, PARK
1893, PARK
1894, PARK
1895, PARK
1896, PARK
1897, PARK
1898, PARK
1899, PARK
1900, PARK
1901, PARK
1902, PARK
1903, PARK
1904, PARK
1905, PARK
1906, PARK
1907, PARK
1908, PARK
1909, PARK
1910, PARK
1911, PARK
1912, PARK
1913, PARK
1914, PARK
1915, PARK
1916, PARK
1917, PARK
1918, PARK
1919, PARK
1920, PARK
1921, PARK
1922, PARK
1923, PARK
1924, PARK
1925, PARK
1926, PARK
1927, PARK
1928, PARK
1929, PARK
1930, PARK
1931, PARK
1932, PARK
1933, PARK
1934, PARK
1935, PARK
1936, PARK
1937, PARK
1938, PARK
1939, PARK
1940, PARK
1941, PARK
1942, PARK
1943, PARK
1944, PARK
1945, PARK
1946, PARK
1947, PARK
1948, PARK
1949, PARK
1950, PARK
1951, PARK
1952, PARK
1953, PARK
1954, PARK
1955, PARK
1956, PARK
1957, PARK
1958, PARK
1959, PARK
1960, PARK
1961, PARK
1962, PARK
1963, PARK
1964, PARK
1965, PARK
1966, PARK
1967, PARK
1968, PARK
1969, PARK
1970, PARK
1971, PARK
1972, PARK
1973, PARK
1974, PARK
1975, PARK
1976, PARK
1977, PARK
1978, PARK
1979, PARK
1980, PARK
1981, PARK
1982, PARK
1983, PARK
1984, PARK
1985, PARK
1986, PARK
1987, PARK
1988, PARK
1989, PARK
1990, PARK
1991, PARK
1992, PARK
1993, PARK
1994, PARK
1995, PARK
1996, PARK
1997, PARK
1998, PARK
1999, PARK
2000, PARK
2001, PARK
2002, PARK
2003, PARK
2004, PARK
2005, PARK
2006, PARK
2007, PARK
2008, PARK
2009, PARK
2010, PARK
2011, PARK
2012, PARK
2013, PARK
2014, PARK
2015, PARK
2016, PARK
2017, PARK
2018, PARK
2019, PARK
2020, PARK
2021, PARK
2022, PARK
2023, PARK
2024, PARK
2025, PARK
2026, PARK
2027, PARK
2028, PARK
2029, PARK
2030, PARK
2031, PARK
2032, PARK
2033, PARK
2034, PARK
2035, PARK
2036, PARK
2037, PARK
2038, PARK
2039, PARK
2040, PARK
2041, PARK
2042, PARK
2043, PARK
2044, PARK
2045, PARK
2046, PARK
2047, PARK
2048, PARK
2049, PARK
2050, PARK
2051, PARK
2052, PARK
2053, PARK
2054, PARK
2055, PARK
2056, PARK
2057, PARK
2058, PARK
2059, PARK
2060, PARK
2061, PARK
2062, PARK
2063, PARK
2064, PARK
2065, PARK
2066, PARK
2067, PARK
2068, PARK
2069, PARK
2070, PARK
2071, PARK
2072, PARK
2073, PARK
2074, PARK
2075, PARK
2076, PARK
2077, PARK
2078, PARK
2079, PARK
2080, PARK
2081, PARK
2082, PARK
2083, PARK
2084, PARK
2085, PARK
2086, PARK
2087, PARK
2088, PARK
2089, PARK
2090, PARK
2091, PARK
2092, PARK
2093, PARK
2094, PARK
2095, PARK
2096, PARK
2097, PARK
2098, PARK
2099, PARK
2100, PARK
2101, PARK
2102, PARK
2103, PARK
2104, PARK
2105, PARK
2106, PARK
2107, PARK
2108, PARK
2109, PARK
2110, PARK
2111, PARK
2112, PARK
2113, PARK
2114, PARK
2115, PARK
2116, PARK
2117, PARK
2118, PARK
2119, PARK
2120, PARK
2121, PARK
2122, PARK
2123, PARK
2124, PARK
2125, PARK
2126, PARK
2127, PARK
2128, PARK
2129, PARK
2130, PARK
2131, PARK
2132, PARK
2133, PARK
2134, PARK
2135, PARK
2136, PARK
2137, PARK
2138, PARK
2139, PARK
2140, PARK
2141, PARK
2142, PARK
2143, PARK
2144, PARK
2145, PARK
2146, PARK
2147, PARK
2148, PARK
2149, PARK
2150, PARK
2151, PARK
2152, PARK
2153, PARK
2154, PARK
2155, PARK
2156, PARK
2157, PARK
2158, PARK
2159, PARK
2160, PARK
2161, PARK
2162, PARK
2163, PARK
2164, PARK
2165, PARK
2166, PARK
2167, PARK
2168, PARK
2169, PARK
2170, PARK
2171, PARK
2172, PARK
2173, PARK
2174, R3-2
2175, M1-1
2176, C4-3
2177, R3A
2178, R6
2179, R3-2
2180, R3-2
2181, C3
2182, M1-1
2183, PARK
2184, R3-1
2185, M1-1
2186, R3-2
2187, C3
2188, M1-1
2189, R5
2190, R6
2191, R6B
2192, R6B
2193, C2-8
2194, R8B
2195, R8
2196, R3-2
2197, R4A
2198, R4A
2199, R7A
2200, R1-1
2201, M1-1
2202, M1-1
2203, M3-1
2204, M3-1
2205, R1-2
2206, M3-1
2207, M3-1
2208, M3-1
2209, M3-1
2210, R1-2
2211, R1-2
2212, M3-1
2213, R2
2214, C3A
2215, C3A
2216, R2
2217, R2
2218, M1-1
2219, R3-2
2220, C3
2221, R1-1
2222, R1-1
2223, M3-1
2224, R1-2
2225, R1-2
2226, C8-1
2227, C8-1
2228, C8-1
2229, C8-1
2230, C8-1
2231, R3-2
2232, R10A
2233, R1-1
2234, R1-1
2235, R1-2
2236, R3-1
2237, R3X
2238, R3A
2239, R3A
2240, R3X
2241, R1-2
2242, R1-2
2243, R1-2
2244, R3-2
2245, R3X
2246, R3X
2247, R3-2
2248, R3-2
2249, R3-2
2250, R3-2
2251, R8
2252, R7-1
2253, R3A
2254, R5
2255, R5D
2256, R5D
2257, R5A
2258, R5A
2259, C4-4A
2260, R8B
2261, R6
2262, R4
2263, R7-2
2264, R7-2
2265, R7-2
2266, R7-2
2267, R8
2268, R10
2269, R10
2270, R1-2
2271, R3-1
2272, M3-1
2273, R3-2
2274, R3X
2275, R1-2
2276, R3X
2277, R3-2
2278, R3X
2279, R3A
2280, R3-2
2281, PARK
2282, R6
2283, C4-3
2284, C6-3
2285, R6A
2286, R2
2287, R5D
2288, R5
2289, R6A
2290, R3-2
2291, R10A
2292, R8
2293, M1-1
2294, R7B
2295, R5B
2296, C8-1
2297, R2X
2298, R4B
2299, R1-2
2300, PARK
2301, R4B
2302, C8-1
2303, R5B
2304, R4
2305, R4-1
2306, C8-1
2307, R6B
2308, R4A
2309, R3-2
2310, R5
2311, R4-1
2312, R3A
2313, C4-1
2314, R6
2315, R4B
2316, R4
2317, R4
2318, R5
2319, M1-2\/R6
2320, M1-1
2321, R5D
2322, C4-2
2323, M1-2\/R8
2324, R6A
2325, R6A
2326, C4-3A
2327, R6B
2328, R3-2
2329, R8B
2330, C4-4A
2331, M1-1
2332, R8B
2333, R7B
2334, R6A
2335, R6
2336, R8
2337, R10
2338, R4A
2339, R7A
2340, R4B
2341, R2
2342, C8-2
2343, R6A
2344, R5A
2345, M1-1
2346, R8X
2347, R6B
2348, R5
2349, R6
2350, R3-1
2351, M1-1
2352, R6
2353, M3-1
2354, R5
2355, R2
2356, M1-1
2357, R3-2
2358, R5
2359, R5
2360, R3-2
2361, C4-3A
2362, R6
2363, M1-2
2364, M2-1
2365, C8-1
2366, C3
2367, R3-2
2368, R3-1
2369, R3A
2370, R5B
2371, R5
2372, C6-1
2373, C6-2A
2374, R4-1
2375, R5
2376, R3X
2377, C1-8
2378, R5B
2379, R7A
2380, R5B
2381, C4-2A
2382, C3A
2383, R4
2384, M1-1
2385, R4B
2386, C3
2387, R3A
2388, C8-1
2389, R4A
2390, R5D
2391, C4-3
2392, R6B
2393, M3-1
2394, R1-2
2395, R3-2
2396, R5B
2397, M1-2\/R6
2398, PARK
2399, R3-1
2400, C4-1
2401, C8-1
2402, C8-2
2403, R5B
2404, M1-5
2405, R4
2406, M3-1
2407, PARK
2408, R3-2
2409, M2-1
2410, M1-2\/R6B
2411, M1-2\/R6
2412, PARK
2413, PARK
2414, M3-1
2415, C6-2
2416, R6
2417, C6-2
2418, R8
2419, M3-1
2420, C4-4
2421, R3-2
2422, C8-1
2423, PARK
2424, R3-2
2425, R2
2426, PARK
2427, R1-1
2428, PARK
2429, PARK
2430, R3-1
2431, R3-2
2432, PARK
2433, PARK
2434, PARK
2435, R4A
2436, R4A
2437, PARK
2438, R6B
2439, C4-2
2440, R3-1
2441, R4-1
2442, R5
2443, R3-2
2444, M1-1
2445, M2-1
2446, R3-2
2447, M3-1
2448, R3-2
2449, R3-1
2450, R3-1
2451, R3-1
2452, R3X
2453, R3-1
2454, PARK
2455, PARK
2456, PARK
2457, PARK
2458, R4B
2459, R5B
2460, R4-1
2461, R3-1
2462, R7A
2463, R4A
2464, R2
2465, R2
2466, R3A
2467, R3X
2468, R3-1
2469, R3A
2470, R5
2471, R5
2472, R5B
2473, R5
2474, PARK
2475, PARK
2476, PARK
2477, PARK
2478, PARK
2479, PARK
2480, C4-4
2481, C8-3
2482, C4-4
2483, C8-3
2484, C8-3
2485, C8-3
2486, R8
2487, C8-4
2488, C4-6
2489, M3-1
2490, C4-4D
2491, C4-4
2492, R8
2493, M1-1
2494, C4-4D
2495, R8
2496, C4-4
2497, C4-4
2498, R8
2499, C8-3
2500, M1-1
2501, R8
2502, M1-1
2503, C8-3
2504, M2-1
2505, C3
2506, C8-3
2507, C8-3
2508, C8-3
2509, R8A
2510, R7A
2511, PARK
2512, PARK
2513, PARK
2514, PARK
2515, PARK
2516, PARK
2517, PARK
2518, PARK
2519, PARK
2520, PARK
2521, PARK
2522, PARK
2523, PARK
2524, PARK
2525, PARK
2526, PARK
2527, PARK
2528, PARK
2529, PARK
2530, PARK
2531, PARK
2532, PARK
2533, PARK
2534, PARK
2535, PARK
2536, PARK
2537, PARK
2538, PARK
2539, PARK
2540, PARK
2541, PARK
2542, PARK
2543, PARK
2544, PARK
2545, PARK
2546, PARK
2547, PARK
2548, PARK
2549, PARK
2550, PARK
2551, PARK
2552, PARK
2553, PARK
2554, R8
2555, R3-2
2556, C4-2
2557, R6
2558, C4-2
2559, M3-1
2560, M3-1
2561, C4-1
2562, M1-1
2563, PARK
2564, PARK
2565, PARK
2566, PARK
2567, PARK
2568, PARK
2569, PARK
2570, M1-1
2571, M1-1
2572, M1-1
2573, C8-1
2574, M2-1
2575, C8-1
2576, R4B
2577, C8-1
2578, M1-2
2579, R5D
2580, R3A
2581, R3A
2582, R2
2583, R3X
2584, R2
2585, R3-1
2586, R3X
2587, R5D
2588, R3A
2589, R3X
2590, PARK
2591, PARK
2592, PARK
2593, PARK
2594, PARK
2595, PARK
2596, PARK
2597, PARK
2598, PARK
2599, PARK
2600, PARK
2601, PARK
2602, PARK
2603, PARK
2604, PARK
2605, PARK
2606, PARK
2607, PARK
2608, PARK
2609, PARK
2610, PARK
2611, PARK
2612, PARK
2613, PARK
2614, PARK
2615, PARK
2616, PARK
2617, R3A
2618, R3A
2619, PARK
2620, R3-1
2621, PARK
2622, PARK
2623, C3
2624, M3-1
2625, R6
2626, R1-2
2627, PARK
2628, R6
2629, R4-1
2630, C8-1
2631, C4-1
2632, M1-2
2633, M1-1
2634, R6
2635, C8-1
2636, M3-1
2637, M1-1
2638, PARK
2639, PARK
2640, PARK
2641, PARK
2642, PARK
2643, PARK
2644, PARK
2645, PARK
2646, PARK
2647, PARK
2648, R6
2649, C2-6
2650, C6-4
2651, C4-5
2652, R6
2653, PARK
2654, PARK
2655, PARK
2656, PARK
2657, PARK
2658, PARK
2659, PARK
2660, PARK
2661, PARK
2662, PARK
2663, C3A
2664, R3-1
2665, R2
2666, R1-2
2667, R1-2
2668, R4
2669, PARK
2670, PARK
2671, PARK
2672, PARK
2673, PARK
2674, PARK
2675, PARK
2676, R8
2677, R7-1
2678, M1-1
2679, M1-2\/R8
2680, M1-1\/R5
2681, R5
2682, R6A
2683, R6A
2684, PARK
2685, PARK
2686, PARK
2687, R5
2688, R1-2
2689, R1-2
2690, R1-2
2691, R1-2
2692, PARK
2693, M1-2\/R8A
2694, M1-4\/R8A
2695, M3-1
2696, C8-1
2697, M1-1
2698, M1-1D
2699, M1-1
2700, R4
2701, R4
2702, R4B
2703, R5B
2704, R4A
2705, R4B
2706, PARK
2707, PARK
2708, PARK
2709, PARK
2710, PARK
2711, C6-2G
2712, M1-5B
2713, C6-2G
2714, C4-4A
2715, C6-3A
2716, PARK
2717, PARK
2718, PARK
2719, PARK
2720, C8-1
2721, C8-1
2722, C8-2
2723, M1-1
2724, R4
2725, R5
2726, R5
2727, R5A
2728, R6A
2729, R7-1
2730, C8-2
2731, M1-1
2732, C8-1
2733, R4A
2734, C4-4
2735, C8-1
2736, R7-1
2737, R6
2738, C8-1
2739, R5D
2740, R4A
2741, R4-1
2742, R4A
2743, R4A
2744, R5
2745, R7-1
2746, M1-1
2747, R7A
2748, M1-2
2749, M1-1
2750, R3-1
2751, R4
2752, C8-1
2753, R3A
2754, R5A
2755, M1-1
2756, M1-1
2757, C4-4
2758, R7X
2759, PARK
2760, PARK
2761, PARK
2762, PARK
2763, PARK
2764, PARK
2765, PARK
2766, PARK
2767, PARK
2768, PARK
2769, PARK
2770, PARK
2771, PARK
2772, PARK
2773, PARK
2774, PARK
2775, PARK
2776, PARK
2777, PARK
2778, PARK
2779, PARK
2780, PARK
2781, PARK
2782, PARK
2783, PARK
2784, PARK
2785, PARK
2786, PARK
2787, PARK
2788, PARK
2789, PARK
2790, PARK
2791, PARK
2792, PARK
2793, PARK
2794, PARK
2795, PARK
2796, PARK
2797, PARK
2798, PARK
2799, C8-1
2800, R5
2801, R4-1
2802, C1-6A
2803, C1-8A
2804, C1-9A
2805, C1-8
2806, R7-1
2807, R3-2
2808, R1-2
2809, C1-9
2810, R6A
2811, PARK
2812, PARK
2813, M1-1\/R7D
2814, R5A
2815, C4-3
2816, M3-1
2817, PARK
2818, R4A
2819, C6-9
2820, C5-3
2821, M1-4
2822, PARK
2823, PARK
2824, PARK
2825, PARK
2826, C4-4
2827, R7-2
2828, C4-4
2829, R7-2
2830, C8-3
2831, R7-2
2832, R6
2833, C8-3
2834, C6-2
2835, C4-6
2836, R8A
2837, PARK
2838, PARK
2839, PARK
2840, PARK
2841, PARK
2842, PARK
2843, PARK
2844, PARK
2845, PARK
2846, PARK
2847, PARK
2848, PARK
2849, PARK
2850, PARK
2851, PARK
2852, PARK
2853, M1-2
2854, PARK
2855, R6
2856, PARK
2857, R3X
2858, R1-2
2859, R4A
2860, R1-2
2861, R1-2
2862, M1-1
2863, R3-2
2864, R7A
2865, R5B
2866, R5B
2867, R6
2868, R4-1
2869, R5B
2870, R5B
2871, R4-1
2872, R4-1
2873, R4-1
2874, R6A
2875, R4-1
2876, C8-2
2877, R5B
2878, R6A
2879, R5B
2880, R2
2881, R6A
2882, R4
2883, R6B
2884, R6B
2885, R6B
2886, R5B
2887, R6A
2888, R6A
2889, R6A
2890, R5B
2891, R5B
2892, R3X
2893, R4A
2894, R6A
2895, R5B
2896, R5B
2897, R2
2898, PARK
2899, PARK
2900, R8B
2901, R7A
2902, PARK
2903, C1-7A
2904, M3-1
2905, PARK
2906, R8B
2907, C6-4
2908, M1-1
2909, M1-2
2910, M1-4
2911, C8-4
2912, PARK
2913, PARK
2914, PARK
2915, PARK
2916, PARK
2917, PARK
2918, PARK
2919, PARK
2920, PARK
2921, PARK
2922, PARK
2923, PARK
2924, PARK
2925, PARK
2926, PARK
2927, PARK
2928, PARK
2929, PARK
2930, R2
2931, M1-4
2932, R7A
2933, M1-2\/R6A
2934, M1-1
2935, M1-2
2936, C8-2
2937, R5
2938, M1-2
2939, C8-1
2940, C8-1
2941, R7-1
2942, M1-1
2943, M1-1
2944, M1-1
2945, M1-1
2946, C8-1
2947, R5
2948, R2
2949, R7-2
2950, C4-3
2951, C8-2
2952, C8-2
2953, C8-2
2954, C8-2
2955, R7-1
2956, C8-2
2957, M1-1
2958, C8-1
2959, M3-1
2960, R4
2961, R6A
2962, C4-3
2963, R5B
2964, M1-1
2965, M1-1
2966, M1-4
2967, R6B
2968, M1-1
2969, M1-1
2970, R6A
2971, R6B
2972, R5
2973, R5B
2974, R7D
2975, C4-5D
2976, M1-2
2977, R7A
2978, M1-1
2979, M1-1
2980, PARK
2981, PARK
2982, PARK
2983, PARK
2984, PARK
2985, PARK
2986, PARK
2987, PARK
2988, PARK
2989, PARK
2990, PARK
2991, PARK
2992, PARK
2993, PARK
2994, PARK
2995, PARK
2996, PARK
2997, PARK
2998, PARK
2999, PARK
3000, PARK
3001, PARK
3002, PARK
3003, PARK
3004, PARK
3005, PARK
3006, PARK
3007, PARK
3008, PARK
3009, PARK
3010, PARK
3011, PARK
3012, PARK
3013, PARK
3014, PARK
3015, M2-1
3016, R7A
3017, R2
3018, C8-2
3019, C8-3
3020, M1-2
3021, C6-3D
3022, R6
3023, M1-5
3024, M2-1
3025, M3-1
3026, C8-1
3027, M1-1
3028, C8-3
3029, C8-3
3030, PARK
3031, PARK
3032, PARK
3033, PARK
3034, PARK
3035, PARK
3036, PARK
3037, PARK
3038, PARK
3039, PARK
3040, PARK
3041, PARK
3042, PARK
3043, PARK
3044, PARK
3045, PARK
3046, PARK
3047, PARK
3048, PARK
3049, PARK
3050, PARK
3051, PARK
3052, PARK
3053, PARK
3054, PARK
3055, PARK
3056, PARK
3057, PARK
3058, PARK
3059, PARK
3060, PARK
3061, PARK
3062, PARK
3063, PARK
3064, PARK
3065, PARK
3066, PARK
3067, PARK
3068, PARK
3069, PARK
3070, PARK
3071, PARK
3072, PARK
3073, PARK
3074, PARK
3075, PARK
3076, PARK
3077, PARK
3078, PARK
3079, M1-1
3080, R7A
3081, R7-1
3082, C8-2
3083, C4-4
3084, M1-1
3085, M1-2
3086, C8-2
3087, M1-2
3088, R7-3
3089, R7A
3090, R6A
3091, R6B
3092, PARK
3093, PARK
3094, PARK
3095, PARK
3096, PARK
3097, PARK
3098, PARK
3099, PARK
3100, PARK
3101, PARK
3102, PARK
3103, PARK
3104, PARK
3105, PARK
3106, PARK
3107, PARK
3108, C4-1
3109, R7D
3110, R3X
3111, R2A
3112, R3X
3113, M1-1
3114, PARK
3115, PARK
3116, R4
3117, M1-2
3118, R4B
3119, R5B
3120, M1-2
3121, R6B
3122, R4B
3123, R4A
3124, R3A
3125, R4A
3126, R4
3127, R4B
3128, R4B
3129, R4-1
3130, M1-1
3131, R5B
3132, R4B
3133, PARK
3134, PARK
3135, R5B
3136, R4
3137, R4-1
3138, R2X
3139, C4-2
3140, R4-1
3141, C8-2
3142, R5
3143, R5
3144, M1-1
3145, C8-1
3146, C4-2A
3147, C8-2
3148, R6
3149, R2X
3150, R6A
3151, C8-1
3152, C4-2
3153, M1-1
3154, C8-1
3155, M1-1
3156, C8-2
3157, R7A
3158, M1-2
3159, R3-1
3160, R6
3161, R6
3162, C8-1
3163, C4-2
3164, R6A
3165, R4
3166, M1-1
3167, C4-5X
3168, R4A
3169, R6A
3170, PARK
3171, PARK
3172, PARK
3173, PARK
3174, PARK
3175, PARK
3176, PARK
3177, PARK
3178, M1-2
3179, M1-2
3180, M1-3
3181, R7-1
3182, C4-4
3183, R7-2
3184, R7-2
3185, M1-2
3186, PARK
3187, PARK
3188, PARK
3189, PARK
3190, PARK
3191, PARK
3192, PARK
3193, PARK
3194, R8B
3195, R8B
3196, R8B
3197, R7A
3198, R8B
3199, PARK
3200, PARK
3201, PARK
3202, C6-2A
3203, M1-2\/R6
3204, M1-2\/R6
3205, R6A
3206, R6B
3207, R6A
3208, C4-4A
3209, R4A
3210, R4A
3211, R3-2
3212, R6
3213, R3X
3214, R4-1
3215, R5
3216, R4-1
3217, R4-1
3218, R4A
3219, R4-1
3220, R4A
3221, R5D
3222, R4A
3223, R4A
3224, R4A
3225, PARK
3226, PARK
3227, PARK
3228, R7-1
3229, R6B
3230, R8B
3231, R9A
3232, PARK
3233, R4A
3234, R4A
3235, R7A
3236, R6B
3237, M3-2
3238, R4B
3239, C4-2
3240, M1-1
3241, R4
3242, R4A
3243, R3-1
3244, R2A
3245, PARK
3246, PARK
3247, R8A
3248, C6-1
3249, PARK
3250, PARK
3251, R8B
3252, M3-2
3253, PARK
3254, PARK
3255, PARK
3256, PARK
3257, C3
3258, R4
3259, R4
3260, C1-9A
3261, M1-4\/R7A
3262, R8A
3263, R8
3264, R8
3265, PARK
3266, PARK
3267, PARK
3268, PARK
3269, R6
3270, PARK
3271, R4A
3272, R4
3273, R5D
3274, R4
3275, R4-1
3276, R5
3277, R6B
3278, R6A
3279, C4-2A
3280, R4-1
3281, R4B
3282, C6-2A
3283, R7A
3284, C4-4A
3285, R2
3286, PARK
3287, PARK
3288, R5B
3289, R6A
3290, PARK
3291, C8-1
3292, R8
3293, PARK
3294, C6-2
3295, C4-4
3296, R4
3297, R4A
3298, R3X
3299, R5B
3300, M1-1
3301, R6
3302, R7-1
3303, C4-2
3304, R2
3305, R2
3306, R2
3307, R3-1
3308, R5B
3309, R4
3310, R4
3311, R4-1
3312, R2
3313, R4B
3314, R3-1
3315, R6
3316, R2A
3317, C8-3
3318, R3X
3319, R4-1
3320, R3X
3321, R4
3322, R3A
3323, R6
3324, R4-1
3325, R5B
3326, R4
3327, R4-1
3328, R3X
3329, R4
3330, R4B
3331, R4
3332, R3X
3333, R4
3334, R6
3335, PARK
3336, PARK
3337, PARK
3338, PARK
3339, PARK
3340, PARK
3341, PARK
3342, PARK
3343, PARK
3344, PARK
3345, PARK
3346, PARK
3347, PARK
3348, PARK
3349, PARK
3350, PARK
3351, PARK
3352, PARK
3353, PARK
3354, PARK
3355, PARK
3356, PARK
3357, PARK
3358, PARK
3359, PARK
3360, PARK
3361, PARK
3362, PARK
3363, PARK
3364, R4
3365, PARK
3366, R3-2
3367, R5
3368, R1-2
3369, C8-1
3370, M1-1
3371, R2
3372, M1-1
3373, R3-1
3374, C8-1
3375, R3X
3376, R6
3377, R3X
3378, R3X
3379, PARK
3380, PARK
3381, PARK
3382, PARK
3383, PARK
3384, PARK
3385, R1-2
3386, R1-1
3387, R1-2
3388, PARK
3389, PARK
3390, R2
3391, R6
3392, PARK
3393, PARK
3394, PARK
3395, R1-2
3396, R1-2
3397, PARK
3398, PARK
3399, PARK
3400, PARK
3401, PARK
3402, C8-2
3403, R5
3404, R6
3405, R6
3406, R3-1
3407, M1-1
3408, R5B
3409, M2-1
3410, PARK
3411, PARK
3412, R4
3413, C8-1
3414, M2-1
3415, C8-1
3416, R5D
3417, R4
3418, M1-1
3419, R5
3420, R3-2
3421, R3-2
3422, R3-2
3423, M1-1
3424, M1-1
3425, M1-1
3426, R3-2
3427, R3-2
3428, R3-2
3429, PARK
3430, R3A
3431, R3X
3432, R4-1
3433, C4-2
3434, R3X
3435, R2
3436, M1-1
3437, R4
3438, R4-1
3439, R4A
3440, R3A
3441, R4A
3442, R4-1
3443, R4A
3444, PARK
3445, PARK
3446, PARK
3447, R6
3448, R4-1
3449, C8-1
3450, R3-1
3451, R1-2
3452, R3-2
3453, R3-1
3454, PARK
3455, R4
3456, R1-2
3457, R3-2
3458, R4A
3459, M2-1
3460, R4
3461, PARK
3462, PARK
3463, PARK
3464, PARK
3465, PARK
3466, C8-1
3467, R5
3468, R3X
3469, M3-1
3470, PARK
3471, R3-2
3472, R3-1
3473, PARK
3474, R1-2
3475, R3X
3476, R5
3477, R3-1
3478, R3-2
3479, R3X
3480, M3-1
3481, R3-1
3482, R3-1
3483, R3X
3484, R3-2
3485, PARK
3486, PARK
3487, PARK
3488, PARK
3489, PARK
3490, R3-2
3491, R1-1
3492, R3X
3493, R3X
3494, R6
3495, R3-1
3496, R1-2
3497, R3-1
3498, C8-1
3499, C4-1
3500, R1-2
3501, R4
3502, C4-1
3503, R3-1
3504, R3-2
3505, R2
3506, R1-2
3507, R2
3508, R3-2
3509, R3X
3510, PARK
3511, R3-2
3512, R4
3513, R3-2
3514, R3X
3515, R3-2
3516, R3A
3517, PARK
3518, R6B
3519, PARK
3520, PARK
3521, PARK
3522, PARK
3523, M1-1
3524, C4-2A
3525, M2-1
3526, R5B
3527, C4-4A
3528, R6
3529, R7A
3530, R4A
3531, R5B
3532, C4-3
3533, PARK
3534, PARK
3535, PARK
3536, PARK
3537, PARK
3538, R6B
3539, R7A
3540, R6B
3541, C4-2
3542, M1-1
3543, M2-1
3544, PARK
3545, R4
3546, R4-1
3547, PARK
3548, R2
3549, M1-1
3550, R3X
3551, R3X
3552, R3-1
3553, M1-1
3554, R5
3555, M1-1
3556, C4-4A
3557, R6A
3558, C4-2
3559, C8-2
3560, R6A
3561, R7A
3562, R6B
3563, R8B
3564, R6
3565, PARK
3566, PARK
3567, M1-1
3568, M3-1
3569, M1-1
3570, M1-4\/R7-2
3571, PARK
3572, PARK
3573, PARK
3574, PARK
3575, R7D
3576, R6A
3577, M1-1
3578, R6
3579, R6A
3580, PARK
3581, R6B
3582, R7A
3583, R7D
3584, R6A
3585, PARK
3586, R5D
3587, R4-1
3588, R6B
3589, M1-4D
3590, R5B
3591, PARK
3592, R3A
3593, R3A
3594, R5B
3595, R4-1
3596, M1-4
3597, M1-6
3598, PARK
3599, C6-9
3600, C5-3
3601, C6-3
3602, PARK
3603, PARK
3604, C6-2A
3605, C6-3A
3606, R3-2
3607, R5
3608, R6B
3609, R7A
3610, R7A
3611, R6A
3612, R6B
3613, PARK
3614, C4-4
3615, R5
3616, C4-2
3617, R2
3618, C4-4D
3619, R5D
3620, R3-1
3621, R4B
3622, R4-1
3623, R3A
3624, R1-2
3625, PARK
3626, C8-1
3627, C1-7A
3628, C6-2A
3629, C1-7
3630, C1-6A
3631, C6-3
3632, C6-3A
3633, M3-2
3634, M2-4
3635, R4-1
3636, R8B
3637, R4
3638, R8B
3639, R7A
3640, M2-3
3641, R1-2A
3642, R5
3643, R7A
3644, M1-2\/R6A
3645, M1-2\/R6B
3646, M1-2\/R6A
3647, M1-1
3648, C1-6A
3649, C1-6A
3650, C1-7
3651, C1-6A
3652, R8B
3653, R8B
3654, C1-7A
3655, R7A
3656, PARK
3657, M1-1
3658, R5
3659, PARK
3660, PARK
3661, R4
3662, R6A
3663, PARK
3664, R2A
3665, R4-1
3666, PARK
3667, M1-1
3668, PARK
3669, PARK
3670, M1-1
3671, R5
3672, R5A
3673, R6A
3674, PARK
3675, R6A
3676, C4-2
3677, M3-1
3678, PARK
3679, R4A
3680, R4
3681, R3A
3682, R4B
3683, C8-1
3684, R4
3685, R2A
3686, R4
3687, R3-1
3688, R3X
3689, PARK
3690, R4
3691, R6B
3692, R3-2
3693, R6A
3694, R4A
3695, R4-1
3696, R2
3697, R4
3698, R1-2A
3699, R4
3700, R5
3701, R4-1
3702, R4
3703, R4-1
3704, R2
3705, R4A
3706, R5B
3707, M3-1
3708, M3-1
3709, C4-4
3710, PARK
3711, R1-2
3712, R2
3713, R3X
3714, R4-1
3715, R4
3716, R3-2
3717, R1-2
3718, R3-2
3719, R7-1
3720, R4A
3721, R5D
3722, R2
3723, R10H
3724, R10H
3725, C5-1
3726, C5-3
3727, R8B
3728, R8
3729, R8A
3730, R8B
3731, R8
3732, PARK
3733, PARK
3734, PARK
3735, C6-6
3736, M1-1
3737, C1-8X
3738, R8B
3739, R4B
3740, PARK
3741, R8B
3742, R8B
3743, C1-9
3744, R10A
3745, R3-1
3746, R1-2
3747, R6
3748, M1-1
3749, PARK
3750, M1-1
3751, R6
3752, R5B
3753, R6A
3754, R5B
3755, R6A
3756, R5D
3757, C4-3
3758, R5B
3759, R5D
3760, R3-1
3761, R3X
3762, R3-1
3763, R3A
3764, R4
3765, R3X
3766, R2A
3767, R4A
3768, R3-2
3769, R3-2
3770, R3-2
3771, R3-2
3772, R3X
3773, R1-2
3774, R2A
3775, PARK
3776, R4
3777, R4
3778, R2
3779, R1-2
3780, M1-1
3781, R2
3782, R3-2
3783, PARK
3784, R6A
3785, C4-4A
3786, C4-4A
3787, C4-7
3788, R7A
3789, R8A
3790, R10
3791, M1-4
3792, R7A
3793, R8A
3794, R8
3795, R10
3796, R8
3797, C1-8X
3798, R8
3799, C2-8
3800, C8-4
3801, C1-9
3802, C4-6
3803, R10
3804, R7B
3805, R7A
3806, R7A
3807, R7A
3808, R8A
3809, R7A
3810, C4-4D
3811, R8
3812, R7A
3813, R7B
3814, R8A
3815, R10A
3816, R8A
3817, R8A
3818, M1-4
3819, R10A
3820, R9
3821, R7A
3822, R8
3823, C4-4
3824, C4-7
3825, C4-4
3826, C6-3
3827, R6A
3828, C4-4A
3829, R8A
3830, PARK
3831, PARK
3832, PARK
3833, PARK
3834, PARK
3835, PARK
3836, PARK
3837, PARK
3838, PARK
3839, PARK
3840, R7B
3841, C4-4D
3842, C6-3
3843, C8-3
3844, M1-1
3845, M2-1
3846, PARK
3847, PARK
3848, PARK
3849, PARK
3850, PARK
3851, PARK
3852, R7-1
3853, R6
3854, R5A
3855, PARK
3856, C8-3
3857, PARK
3858, PARK
3859, R6A
3860, R7A
3861, PARK
3862, R6
3863, R3-2
3864, R8A
3865, C1-9
3866, PARK
3867, C4-4D
3868, M1-5\/R7-2
3869, C6-1
3870, R7A
3871, C8-1
3872, M1-1
3873, C8-3
3874, R4-1
3875, R3-2
3876, R3A
3877, R4-1
3878, C8-1
3879, C3A
3880, R4-1
3881, R6
3882, M1-1
3883, PARK
3884, PARK
3885, R4A
3886, M1-2
3887, M2-1
3888, PARK
3889, M1-2
3890, R7-2
3891, M1-3\/R8
3892, M1-4\/R7X
3893, C6-2A
3894, PARK
3895, C4-1
3896, M3-2
3897, M1-2
3898, M1-1
3899, M1-1
3900, C8-1
3901, C8-1
3902, M1-1
3903, C4-2
3904, C8-1
3905, C4-1
3906, M1-1
3907, C8-1
3908, M1-1
3909, C8-1
3910, C8-2
3911, C4-3
3912, C8-2
3913, C8-2
3914, M1-1
3915, M1-1
3916, C8-2
3917, M1-1
3918, M1-1
3919, M1-1
3920, R6
3921, M1-1
3922, M3-1
3923, R4
3924, R6A
3925, C8-1
3926, R3X
3927, R4-1
3928, R5B
3929, R4
3930, R5D
3931, R5D
3932, R7A
3933, PARK
3934, PARK
3935, PARK
3936, PARK
3937, PARK
3938, PARK
3939, PARK
3940, PARK
3941, PARK
3942, PARK
3943, R3-2
3944, C3
3945, PARK
3946, C3
3947, R9
3948, R7X
3949, R7B
3950, R7A
3951, R8A
3952, R7A
3953, M2-2
3954, R7B
3955, C4-4
3956, C6-3
3957, PARK
3958, PARK
3959, M1-1
3960, R7X
3961, R7-1
3962, R1-2
3963, R7-2
3964, M1-1\/R7-2
3965, M1-1
3966, C4-4
3967, R8A
3968, M1-1
3969, C6-2
3970, PARK
3971, PARK
3972, PARK
3973, PARK
3974, PARK
3975, PARK
3976, PARK
3977, PARK
3978, PARK
3979, PARK
3980, PARK
3981, PARK
3982, R6
3983, C6-4.5
3984, C6-4.5
3985, M1-1
3986, R5D
3987, M1-1
3988, PARK
3989, PARK
3990, R3A
3991, R3-1
3992, R3-1
3993, R3-1
3994, R3-2
3995, R3-1
3996, R3-2
3997, R3-1
3998, R3A
3999, R3-2
4000, R2
4001, R3-1
4002, R3-2
4003, R3-2
4004, R1-2
4005, R3-2
4006, R3-2
4007, R3A
4008, M1-1
4009, C8-3
4010, C4-5X
4011, M1-5
4012, C4-5X
4013, R6A
4014, R5
4015, C4-4D
4016, R6A
4017, C4-4A
4018, R5
4019, C8-3
4020, M1-1
4021, C4-4
4022, R6A
4023, M1-4\/R7X
4024, C4-4A
4025, R7X
4026, M1-4\/R7A
4027, C4-5X
4028, M1-2
4029, M1-2\/R6B
4030, M1-2\/R6A
4031, M1-2\/R6B
4032, M2-1
4033, C8-2
4034, M1-2
4035, C1-6A
4036, R3X
4037, R3-2
4038, R4-1
4039, R3-2
4040, R3X
4041, R4
4042, R4B
4043, R3X
4044, R4B
4045, R3-1
4046, R3-1
4047, R4
4048, R4-1
4049, R1-2A
4050, R3-1
4051, R5D
4052, R3X
4053, R4
4054, R4-1
4055, R5
4056, R4
4057, R2A
4058, R2A
4059, R2
4060, R2
4061, R3-1
4062, R3-1
4063, R2A
4064, C8-1
4065, R5B
4066, R3-2
4067, R3X
4068, BPC
4069, R6A
4070, M3-1
4071, M1-4\/R6A
4072, R7-2
4073, R8
4074, R7A
4075, R7D
4076, R5D
4077, R6B
4078, R7B
4079, R5A
4080, R5A
4081, R5B
4082, R5A
4083, R5B
4084, R7A
4085, C4-4
4086, C8-2
4087, R5A
4088, R7A
4089, R5A
4090, R7B
4091, R7B
4092, R5B
4093, R4A
4094, R6B
4095, R5A
4096, R6B
4097, R5B
4098, R7B
4099, R5A
4100, R8
4101, R5B
4102, R5A
4103, R7B
4104, R7A
4105, R7B
4106, R7B
4107, R5B
4108, R5B
4109, R6B
4110, R7A
4111, C8-2
4112, R6A
4113, R5B
4114, C4-4A
4115, R8A
4116, M2-2
4117, M1-2
4118, R8
4119, R6B
4120, PARK
4121, PARK
4122, R3-2
4123, R6
4124, R3X
4125, R6
4126, R3-1
4127, R4-1
4128, PARK
4129, R4
4130, R5B
4131, R4
4132, C4-2
4133, M1-1
4134, R3X
4135, R5D
4136, R4B
4137, R5D
4138, PARK
4139, PARK
4140, R4
4141, R6
4142, C8-1
4143, R3-1
4144, R5
4145, R3A
4146, R4
4147, R4B
4148, R3A
4149, R3A
4150, R3-2
4151, R3-1
4152, R2
4153, R3A
4154, R3-2
4155, R2
4156, C8-1
4157, R3-2
4158, R2
4159, R2
4160, R3-2
4161, M1-1
4162, C8-1
4163, R3-2
4164, R3-2
4165, PARK
4166, PARK
4167, C4-2
4168, R3-1
4169, R3-1
4170, R5D
4171, R3A
4172, R4-1
4173, R3X
4174, R5D
4175, PARK
4176, PARK
4177, M2-3
4178, M2-3
4179, R8A
4180, R8A
4181, M1-5
4182, R2A
4183, R3-1
4184, M1-1
4185, C6-4
4186, C4-5D
4187, R7D
4188, R4-1
4189, R5
4190, R4
4191, R5D
4192, R5B
4193, R5B
4194, R3-2
4195, R4-1
4196, R4
4197, R4-1
4198, R4-1
4199, R5B
4200, R5B
4201, R5B
4202, R5B
4203, R5D
4204, R5D
4205, R7-1
4206, R5D
4207, R5D
4208, R7B
4209, R6B
4210, R5
4211, R5
4212, R5D
4213, R6A
4214, R7A
4215, R7A
4216, C8-1
4217, C4-4A
4218, R4
4219, R5
4220, M1-4
4221, C4-5X
4222, R8B
4223, R8B
4224, R10A
4225, C1-8A
4226, C1-8A
4227, R8B
4228, R8B
4229, C2-7A
4230, R10A
4231, R8B
4232, C2-7A
4233, R8B
4234, R8
4235, C1-9
4236, R8B
4237, R9A
4238, R7-3
4239, R6A
4240, R8B
4241, M3-1
4242, M1-1
4243, M3-1
4244, R6B
4245, R6B
4246, R6A
4247, R7B
4248, R6B
4249, R6B
4250, R7B
4251, R6A
4252, R7X
4253, R8X
4254, R8X
4255, R6A
4256, R7-1
4257, R7-1
4258, R5A
4259, R6
4260, R7A
4261, R6
4262, R4
4263, R5
4264, R5
4265, R4
4266, R5
4267, R5
4268, R5D
4269, R6A
4270, C8-1
4271, R5
4272, R4
4273, R5D
4274, R5
4275, R5
4276, R4
4277, R4
4278, R4A
4279, R4A
4280, R5
4281, R4
4282, R4A
4283, R5A
4284, R6A
4285, R5
4286, C6-2A
4287, R8B
4288, R8A
4289, R8B
4290, R8A
4291, C2-7A
4292, C1-6A
4293, C6-3
4294, C6-3X
4295, M1-6
4296, M1-5
4297, M1-6D
4298, C6-4X
4299, M1-6
4300, M1-4
4301, M1-2
4302, M1-2
4303, R8A
4304, R6B
4305, R7-1
4306, C6-4
4307, R7A
4308, R6B
4309, C5-4
4310, C6-4.5
4311, C5-4
4312, C6-4
4313, C6-2A
4314, C5-2A
4315, R6A
4316, R5B
4317, R4A
4318, R6A
4319, R7A
4320, R2
4321, R7A
4322, R3-1
4323, R4B
4324, R4B
4325, C4-2A
4326, R5B
4327, M2-1
4328, R4A
4329, M1-1
4330, R7-1
4331, M1-1
4332, R6
4333, C8-1
4334, M1-2
4335, R6B
4336, R6B
4337, R4B
4338, R5B
4339, R3-1
4340, R5
4341, M1-1
4342, R4-1
4343, PARK
4344, C4-5X
4345, R5D
4346, R7B
4347, R4
4348, R3-1
4349, R4B
4350, M3-1
4351, R7-3
4352, R10
4353, R2
4354, R3X
4355, R3X
4356, R6A
4357, R5
4358, R3X
4359, R7X
4360, R6A
4361, R7A
4362, C4-5X
4363, M1-2
4364, R5D
4365, R6A
4366, R5
4367, C6-2
4368, R5
4369, R6
4370, M1-4
4371, C4-5X
4372, R6A
4373, C6-3
4374, C4-5X
4375, R5
4376, C4-3A
4377, R6A
4378, R5
4379, C6-4
4380, C4-4A
4381, C4-4A
4382, C6-2
4383, C6-3
4384, M1-4\/R6B
4385, M1-4
4386, R6A
4387, M1-5\/R7X
4388, M3-2
4389, M1-4\/R6B
4390, M1-4\/R7A
4391, M1-4\/R6B
4392, C5-3
4393, M1-5\/R7X
4394, M1-5\/R7-3
4395, M3-1
4396, M1-5
4397, M1-1
4398, M1-5\/R9
4399, M1-5\/R7-3
4400, M1-5
4401, M1-5\/R7-3
4402, M1-5\/R9
4403, M1-6\/R10
4404, R6A
4405, R6A
4406, M1-4
4407, M1-1
4408, R7A
4409, C1-9
4410, M2-3
4411, C2-7
4412, C6-2
4413, R6
4414, C1-6
4415, R8
4416, C2-6
4417, C6-2
4418, C2-7
4419, C2-6
4420, C1-7
4421, C1-6
4422, C6-3A
4423, C6-2
4424, M1-2
4425, C4-4D
4426, C4-4A
4427, R6A
4428, C6-3X
4429, C1-7
4430, C6-2A
4431, C6-1
4432, R8B
4433, C5-1
4434, R8B
4435, R8B
4436, R10A
4437, PARK
4438, C3
4439, C3
4440, C8-1
4441, R8X
4442, R7-2
4443, PARK
4444, R3X
4445, R3-1
4446, R3-1
4447, R4
4448, R6A
4449, R5
4450, R3X
4451, PARK
4452, R3-1
4453, R4A
4454, R3-1
4455, M1-1
4456, M1-2
4457, R4A
4458, R4-1
4459, PARK
4460, R4-1
4461, R4-1
4462, R4B
4463, PARK
4464, R4A
4465, R3A
4466, R3X
4467, R5
4468, R3-1
4469, C8-1
4470, R3-1
4471, C6-2
4472, C1-7
4473, R6A
4474, PARK
4475, C8-1
4476, C4-3
4477, C8-2
4478, R6B
4479, R7-1
4480, C8-2
4481, M1-1
4482, R6A
4483, PARK
4484, PARK
4485, PARK
4486, R7A
4487, R6A
4488, PARK
4489, C8-2
4490, R6
4491, M1-1
4492, C6-2
4493, C6-2
4494, C6-2G
4495, R6A
4496, M1-3
4497, R6A
4498, M3-1
4499, R6B
4500, R6B
4501, M1-5
4502, R6B
4503, R6B
4504, R6B
4505, R6B
4506, R6B
4507, R6A
4508, R6B
4509, R6B
4510, R6
4511, R6B
4512, R6B
4513, R6B
4514, R6
4515, R6B
4516, R7A
4517, R7D
4518, R7-1
4519, R6
4520, R7D
4521, C4-3
4522, C4-4L
4523, R6
4524, C4-3
4525, R7A
4526, R6A
4527, R7-1
4528, R7B
4529, M1-2\/R5D
4530, R6A
4531, M1-1
4532, R4
4533, R5
4534, R5
4535, R2
4536, R3A
4537, R4
4538, C4-1
4539, M1-1
4540, R5
4541, C4-2
4542, M1-5\/R8A
4543, R6B
4544, R4-1
4545, R5B
4546, M1-2D
4547, R4
4548, M1-2\/R6
4549, R6B
4550, R4
4551, R6B
4552, R8B
4553, C2-8
4554, C8-4
4555, R8
4556, R6
4557, C4-5
4558, C6-2A
4559, C6-2
4560, R8
4561, C6-7T
4562, M1-2
4563, R6
4564, R7A
4565, R3X
4566, R5
4567, C4-2
4568, R5
4569, R6B
4570, R4-1
4571, R7-1
4572, R6
4573, R4
4574, R6B
4575, R4-1
4576, R4-1
4577, R3-2
4578, M1-6
4579, C6-2
4580, R5
4581, C4-3A
4582, R3-2
4583, R3-2
4584, R6
4585, R6
4586, R6
4587, M1-1
4588, R3-1
4589, R5
4590, R8B
4591, M1-1
4592, M1-1
4593, R3-1
4594, M1-1
4595, R8B
4596, R8
4597, R3X
4598, R6B
4599, R7A
4600, R4-1
4601, R7A
4602, M1-2
4603, R6B
4604, R5B
4605, PARK
4606, PARK
4607, PARK
4608, PARK
4609, PARK
4610, PARK
4611, PARK
4612, PARK
4613, R2
4614, M3-1
4615, M2-1
4616, R3-2
4617, R3-2
4618, R1-2
4619, R3-2
4620, R3-2
4621, R3-2
4622, R3-2
4623, R3-2
4624, R3-2
4625, R3-2
4626, R3-2
4627, R3-2
4628, R3-2
4629, R3-2
4630, R3-2
4631, R3-2
4632, R3-2
4633, R3-2
4634, R3-2
4635, R3-2
4636, R3-2
4637, R3-2
4638, R1-2
4639, R3-2
4640, R3-2
4641, R5
4642, R5
4643, M2-1
4644, R2
4645, R5
4646, R5
4647, R6B
4648, M1-1
4649, R3-2
4650, C4-4
4651, C7
4652, R4
4653, R3-2
4654, R6B
4655, C4-2
4656, R4-1
4657, R6B
4658, R3A
4659, M1-1
4660, R6
4661, R3A
4662, R5B
4663, R5
4664, R5
4665, R3X
4666, R4-1
4667, PARK
4668, R3-2
4669, R3-2
4670, R3-1
4671, PARK
4672, R3-2
4673, R3X
4674, R3-2
4675, R3-1
4676, R1-2
4677, R2
4678, PARK
4679, PARK
4680, PARK
4681, PARK
4682, PARK
4683, M1-1
4684, R2A
4685, R3X
4686, R3-1
4687, R3-1
4688, R3-1
4689, R4
4690, R3-2
4691, M3-1
4692, R6
4693, R3-2
4694, R7-1
4695, R6B
4696, R4B
4697, R4
4698, R3A
4699, R3A
4700, R5
4701, R4
4702, R4A
4703, R7-1
4704, M1-1
4705, R5
4706, R4-1
4707, R6
4708, R4-1
4709, R4
4710, R7B
4711, R7-2
4712, M3-1
4713, R8A
4714, C4-3
4715, R7-1
4716, R5
4717, R6B
4718, C4-3
4719, R6A
4720, C8-3
4721, M1-1
4722, M2-1
4723, M1-1
4724, R5
4725, C8-3
4726, PARK
4727, R7X
4728, C4-3
4729, M3-1
4730, R6
4731, R3-2
4732, R4
4733, R5B
4734, R4-1
4735, M1-1
4736, R3-2
4737, R4
4738, R5
4739, R5B
4740, R7A
4741, M1-2\/R6A
4742, M1-2\/R6A
4743, R6
4744, R6B
4745, C2-8A
4746, R8A
4747, R6
4748, R3-2
4749, R10
4750, R8B
4751, C4-4
4752, R6
4753, R5
4754, R4A
4755, R6
4756, R6B
4757, R4
4758, R6
4759, PARK
4760, R6B
4761, C8-2
4762, PARK
4763, R4
4764, R4-1
4765, R4
4766, R4
4767, R2A
4768, R4
4769, M1-1
4770, M1-1
4771, R3-1
4772, R6
4773, R6
4774, R5
4775, R6
4776, R3-1
4777, R3A
4778, M1-1
4779, R5
4780, R3X
4781, R2
4782, R3A
4783, R5
4784, R3-2
4785, C8-1
4786, R4
4787, R3-1
4788, R5
4789, R3-2
4790, R3-2
4791, R3X
4792, R2
4793, R1-1
4794, R3A
4795, R3-2
4796, C4-2
4797, R2
4798, R1-2
4799, R3-2
4800, R3-2
4801, R3X
4802, R7A
4803, M1-1
4804, R3-2
4805, M3-1
4806, R3X
4807, R3A
4808, M1-2
4809, R6
4810, R6
4811, R5B
4812, R3-2
4813, M2-1
4814, R5B
4815, R6B
4816, R6B
4817, M2-1
4818, R6B
4819, R7-1
4820, R6B
4821, R6
4822, R3X
4823, R2
4824, R4B
4825, C6-4
4826, C6-1G
4827, C6-1
4828, R4
4829, C8-2
4830, R6B
4831, R6A
4832, R4
4833, R4B
4834, M1-5
4835, R6
4836, R8A
4837, M2-1
4838, R3-2
4839, R4
4840, R6B
4841, R6
4842, R2A
4843, R2A
4844, C4-7
4845, R8B
4846, R4
4847, R6A
4848, PARK
4849, R2A
4850, R2A
4851, R5
4852, R5
4853, R5
4854, PARK
4855, R3-1
4856, R3-1
4857, R3-1
4858, R7B
4859, R7A
4860, M1-4
4861, R8A
4862, R6
4863, M1-2
4864, M3-1
4865, R7-1
4866, R4A
4867, R6A
4868, R1-1
4869, M1-1
4870, R7A
4871, R8
4872, R7-2
4873, R6
4874, R4A
4875, R4
4876, M1-1
4877, R5
4878, M1-4\/R7A
4879, M1-4
4880, M1-1
4881, R4
4882, R4
4883, M1-1
4884, R6
4885, R6
4886, R6A
4887, PARK
4888, R3-2
4889, C4-4D
4890, M1-1
4891, R7-2
4892, C6-6
4893, R3-2
4894, R3-2
4895, R3-1
4896, R3-2
4897, R3X
4898, R3-2
4899, C4-4
4900, R6A
4901, R7-1
4902, M1-4
4903, M1-4\/R7A
4904, R5
4905, C6-1
4906, R3-2
4907, R4-1
4908, R3-1
4909, R6
4910, R3X
4911, R2
4912, R2A
4913, C6-4
4914, R5
4915, R5B
4916, R7-1
4917, C4-4
4918, R8
4919, R7B
4920, M1-1
4921, R4A
4922, R3-2
4923, R6
4924, R3-1
4925, C4-2
4926, R5D
4927, R3A
4928, R3-2
4929, C5-5
4930, M1-2
4931, M2-4
4932, R6
4933, R8
4934, C6-2
4935, R8
4936, C8-3
4937, R3A
4938, R3A
4939, R5
4940, R5B
4941, R6B
4942, R5D
4943, R6A
4944, R6
4945, R7-2
4946, R10A
4947, C4-6A
4948, R6
4949, R6B
4950, R6
4951, R6A
4952, M1-1
4953, R7-1
4954, R7A
4955, R7-1
4956, R5
4957, R6A
4958, R5
4959, R5
4960, R4
4961, R7B
4962, R6
4963, R7-2
4964, C6-1
4965, C6-1
4966, C6-4
4967, R4B
4968, R5B
4969, R3-2
4970, R3-2
4971, R3-2
4972, R6A
4973, R5B
4974, R7A
4975, R5B
4976, R5B
4977, R4-1
4978, R3-2
4979, R2A
4980, R6
4981, R4
4982, R7-1
4983, R1-2
4984, R7A
4985, R4-1
4986, R6A
4987, M1-1
4988, M1-4\/R6B
4989, M1-4\/R6B
4990, M1-4
4991, R5
4992, C1-6
4993, R7-2
4994, C6-4
4995, R10
4996, R1-2
4997, R3A
4998, R3-2
4999, R5
5000, R4A
5001, R5
5002, R6A
5003, M1-1
5004, R3-2
5005, R2A
5006, R7-1
5007, R1-2
5008, R3X
5009, M1-1
5010, M1-2
5011, R5
5012, R4A
5013, R8
5014, R7-2
5015, R7A
5016, R6B
5017, R6B
5018, R6A
5019, R6B
5020, R6
5021, C4-4L
5022, R6A
5023, PARK
5024, R6A
5025, R7A
5026, R6A
5027, R6A
5028, R6A
5029, R6A
5030, R6A
5031, R7-2
5032, R7-2
5033, R7A
5034, R6A
5035, R7-2
5036, R7A
5037, R7A
5038, R7A
5039, R7A
5040, R7-2
5041, R8A
5042, R6A
5043, R7D
5044, R8
5045, C6-3X
5046, R8
5047, C4-2
5048, C4-5X
5049, C8-1
5050, R7B
5051, R5
5052, R4
5053, R6
5054, R6B
5055, R4
5056, M1-1
5057, R6B
5058, R6A
5059, R7A
5060, PARK
5061, R8
5062, M1-1
5063, R6A
5064, M1-4\/R7A
5065, R6
5066, C5-2.5
5067, C5-2.5
5068, C5-2.5
5069, R8B
5070, C1-9
5071, C1-9
5072, R10
5073, C5-2
5074, C6-4
5075, R10
5076, C5-2.5
5077, C5-2.5
5078, R10
5079, R7-2
5080, R10
5081, C5-2
5082, R9X
5083, R8B
5084, C6-4.5
5085, C6-6
5086, C5-3
5087, C6-4.5
5088, M1-6
5089, M1-1
5090, M1-2
5091, C2-6A
5092, C2-8
5093, C4-6
5094, R7-2
5095, M1-6
5096, M1-5A
5097, M1-5B
5098, C6-2A
5099, M2-3
5100, M2-3
5101, M1-5
5102, R7-2
5103, C4-5
5104, R7-2
5105, M1-2
5106, R7A
5107, C6-1
5108, C6-2
5109, M1-4\/R7A
5110, M1-4\/R6B
5111, R7X
5112, R2A
5113, R3X
5114, R3X
5115, R1-2A
5116, R1-2A
5117, R2A
5118, C4-1
5119, C8-1
5120, R3-2
5121, R3A
5122, R2A
5123, R2A
5124, R3X
5125, R2
5126, R3A
5127, R3A
5128, R3A
5129, R3A
5130, R3X
5131, R3X
5132, R3X
5133, R3X
5134, R3-2
5135, R3-2
5136, C8-1
5137, M1-1
5138, C8-1
5139, R3A
5140, R3-2
5141, R3-2
5142, R3-1
5143, R4-1
5144, R4-1
5145, C8-1
5146, R3A
5147, R4
5148, R3-2
5149, R3-2
5150, R2A
5151, R7A
5152, R5
5153, R10A
5154, R7-2
5155, R9
5156, R7-2
5157, R9
5158, R9
5159, R8
5160, C2-8
5161, R7-2
5162, C1-9
5163, C2-8
5164, R3-1
5165, R2
